{"years": [1950, 1951, 1952, 1953, 1954, 1955, 1956, 1957, 1958, 1959, 1960, 1961, 1962, 1963, 1964, 1965, 1966, 1967, 1968, 1969, 1970, 1971, 1972, 1973, 1974, 1975, 1976, 1977, 1978, 1979, 1980, 1981, 1982, 1983, 1984, 1985, 1986, 1987, 1988, 1989, 1990, 1991, 1992, 1993, 1994, 1995, 1996, 1997, 1998, 1999, 2000, 2001, 2002, 2003, 2004, 2005, 2006, 2007, 2008, 2009, 2010, 2011, 2012, 2013, 2014], "temps": [17.35944929280771, 17.616054769786388, 17.495139933794803, 18.060592837797174, 17.16194703581101, 17.884607282575985, 17.2648961781523, 17.724751730364176, 17.543770689136352, 17.33829371050257, 17.794899187481235, 17.659268733072565, 17.478588624736688, 17.500647005717724, 17.767303641288038, 17.30564249172437, 17.22020764369546, 17.098721035209167, 17.63961781522721, 17.730108335841123, 17.683523924164945, 17.288850436352732, 17.602633162804693, 17.52402949142345, 17.59204032500753, 17.43176346674693, 17.62688835389713, 17.810036111947056, 17.146178152272057, 18.14295817032803, 17.360743304243158, 17.47982244959377, 17.319876617514296, 16.960713210953998, 17.52932591032203, 17.812503761661162, 17.698871501655162, 17.465949443274155, 17.867694854047556, 17.570613903099627, 17.873954258200456, 18.308561540776452, 17.483162804694587, 17.624541077339757, 17.9297472163708, 17.84644899187481, 17.840189587721966, 18.15415287390914, 18.083463737586555, 18.375699668973823, 18.381026181161644, 18.043078543484853, 18.552256996689778, 18.352377369846522, 18.13396027685826, 18.387285585314487, 18.24903701474574, 18.09023472765574, 18.586081853746634, 17.898450195606415, 18.364173939211582, 18.346689738188388, 18.94521516701775, 18.562067408967835, 19.013286187180256]}