{"years": [2015, 2016, 2017, 2018, 2019, 2020, 2021, 2022, 2023, 2024, 2025, 2026, 2027, 2028, 2029, 2030, 2031, 2032, 2033, 2034, 2035, 2036, 2037, 2038, 2039, 2040, 2041, 2042, 2043, 2044, 2045, 2046, 2047, 2048, 2049, 2050, 2051, 2052, 2053, 2054, 2055, 2056, 2057, 2058, 2059, 2060, 2061, 2062, 2063, 2064, 2065, 2066, 2067, 2068, 2069, 2070, 2071, 2072, 2073, 2074, 2075, 2076, 2077, 2078, 2079, 2080, 2081, 2082, 2083, 2084, 2085, 2086, 2087, 2088, 2089, 2090, 2091, 2092, 2093, 2094, 2095, 2096, 2097, 2098, 2099, 2100], "temps": [18.89646403851941, 18.903265121877837, 18.931492627144166, 18.982169726151085, 18.948164309359015, 18.876060788444192, 19.258967800180585, 19.26360216671685, 19.28773698465244, 19.40329521516702, 19.202813722539872, 19.665257297622645, 19.933839903701482, 20.115783930183568, 19.47885946433945, 20.163481793560038, 20.00335540174541, 19.43504363526938, 20.125353596148102, 19.906515197111048, 20.06366235329523, 19.949488414083703, 20.00016551309062, 20.203235028588665, 19.956108937706915, 20.335284381582937, 20.147743003310268, 20.393725549202543, 20.31151068311766, 20.279130303942225, 20.671546795064728, 20.762699368040956, 20.650150466446007, 20.731733373457757, 20.653009328919666, 21.211390309960905, 20.691649112248, 20.59167920553716, 21.411751429431263, 21.656620523623246, 21.156229310863694, 21.518191393319285, 21.545817032801722, 21.727399939813438, 21.965618417093026, 21.817378874511007, 21.862879927776135, 21.95749322900997, 22.007839301835702, 22.00576286488115, 21.92436051760461, 22.162127595546224, 22.830920854649435, 21.974405657538398, 22.82932591032204, 22.732997291604022, 23.13913632260011, 22.519365031598, 22.82472163707496, 23.15358110141443, 23.171155582305175, 23.173803791754437, 22.600857658742143, 23.079371050255816, 23.29556123984355, 23.608049954860064, 23.577956665663578, 23.814610291904955, 23.626948540475496, 24.008712007222414, 23.665648510382198, 23.713045440866722, 24.62472163707497, 24.380063195907326, 24.53498344869098, 24.83293710502562, 24.828784231116458, 24.68779717123084, 25.171907914535097, 25.17323201925973, 24.930619921757454, 25.101429431236852, 25.598119169425217, 25.703866987661797, 25.957553415588336, 25.793785735780943]}