{"years": [2015, 2016, 2017, 2018, 2019, 2020, 2021, 2022, 2023, 2024, 2025, 2026, 2027, 2028, 2029, 2030, 2031, 2032, 2033, 2034, 2035, 2036, 2037, 2038, 2039, 2040, 2041, 2042, 2043, 2044, 2045, 2046, 2047, 2048, 2049, 2050, 2051, 2052, 2053, 2054, 2055, 2056, 2057, 2058, 2059, 2060, 2061, 2062, 2063, 2064, 2065, 2066, 2067, 2068, 2069, 2070, 2071, 2072, 2073, 2074, 2075, 2076, 2077, 2078, 2079, 2080, 2081, 2082, 2083, 2084, 2085, 2086, 2087, 2088, 2089, 2090, 2091, 2092, 2093, 2094, 2095, 2096, 2097, 2098, 2099, 2100], "temps": [19.09128799277761, 18.660532651218773, 19.18307252482697, 19.006906409870624, 18.92878423111648, 19.00167017755041, 19.13745109840505, 19.304228107132133, 19.3482545892266, 19.30792958170332, 19.501640084261226, 19.08445681613, 19.400947938609704, 19.436638579596774, 19.83627746012644, 19.160893770689142, 19.69956364730666, 19.394327414986492, 19.74220583809813, 19.993665362624142, 19.55683117664762, 19.409855552211866, 19.804679506470052, 19.813948239542583, 20.32932591032204, 20.283734577189307, 20.36486608486308, 20.28412578994886, 20.67913030394226, 20.490445380680114, 20.104107733975354, 20.282380379175493, 20.83988865483002, 20.74617815227208, 20.385239241649117, 20.447833283177886, 20.995170027083986, 20.55947938609694, 20.475097803189897, 20.394327414986492, 21.073382485705736, 20.963391513692443, 21.410969003912157, 20.79170929882639, 21.49977430033107, 20.832124586217276, 21.189993981342184, 21.135735780920868, 21.004498946734884, 20.650391212759587, 21.333538970809514, 20.863120674089714, 20.645064700571822, 21.582500752332237, 21.546810111345167, 21.513316280469496, 21.803626241348184, 21.13934697562445, 21.19923262112553, 21.432907011736404, 21.718010833584117, 21.910848630755368, 21.17600060186578, 20.93119169425222, 21.661706289497488, 21.715482997291645, 21.973081552813767, 21.740219681011183, 21.164324405657567, 21.77910021065304, 22.025323502858896, 21.438444176948565, 21.2379927776106, 21.798089076136023, 21.348314775805022, 21.733659343966337, 22.007869395124885, 21.61497141137528, 21.981417393921163, 22.02237436051763, 21.913376467047897, 22.51445982545897, 21.979611796569372, 21.826888353897118, 21.89787842311165, 21.963301233824893]}