{"years": [1950, 1951, 1952, 1953, 1954, 1955, 1956, 1957, 1958, 1959, 1960, 1961, 1962, 1963, 1964, 1965, 1966, 1967, 1968, 1969, 1970, 1971, 1972, 1973, 1974, 1975, 1976, 1977, 1978, 1979, 1980, 1981, 1982, 1983, 1984, 1985, 1986, 1987, 1988, 1989, 1990, 1991, 1992, 1993, 1994, 1995, 1996, 1997, 1998, 1999, 2000, 2001, 2002, 2003, 2004, 2005, 2006, 2007, 2008, 2009, 2010, 2011, 2012, 2013, 2014], "temps": [17.566069816430968, 17.989753235028616, 17.73513391513694, 17.534411676196214, 17.705010532651215, 18.49170929882638, 17.707297622630165, 17.749638880529687, 18.036247366837244, 18.54265723743606, 17.711992175744854, 17.78003310261812, 17.593544989467375, 17.36832681312069, 17.6056123984352, 17.298149262714446, 17.623939211555864, 17.15054167920556, 17.511751429431285, 17.29291303039423, 17.647111044237136, 17.965227204333473, 17.930288895576325, 17.377806199217616, 18.287917544387597, 17.66339151369249, 17.968386999699078, 17.764384592235956, 18.057402949142386, 17.258486307553426, 17.304107733975343, 18.141092386397872, 17.898179356003652, 17.226527234426726, 17.71554318387001, 17.143108636774002, 17.454032500752362, 17.474857056876317, 17.972479687029818, 17.52785133915137, 18.18499849533555, 18.505612398435176, 16.69294312368345, 17.601068311766483, 17.898961781522758, 17.440009027986775, 18.246238338850446, 17.794718627746022, 18.56862774601268, 18.34313873006323, 18.12758049954863, 19.090084261209768, 18.50028588624741, 18.498751128498384, 18.430920854649457, 18.400586819139335, 18.000526632560934, 18.40425820042134, 18.466461029190498, 18.64319891664161, 18.330078242551906, 18.266912428528485, 18.853370448390024, 18.86856755943427, 18.382801685224194]}