{"years": [2015, 2016, 2017, 2018, 2019, 2020, 2021, 2022, 2023, 2024, 2025, 2026, 2027, 2028, 2029, 2030, 2031, 2032, 2033, 2034, 2035, 2036, 2037, 2038, 2039, 2040, 2041, 2042, 2043, 2044, 2045, 2046, 2047, 2048, 2049, 2050, 2051, 2052, 2053, 2054, 2055, 2056, 2057, 2058, 2059, 2060, 2061, 2062, 2063, 2064, 2065, 2066, 2067, 2068, 2069, 2070, 2071, 2072, 2073, 2074, 2075, 2076, 2077, 2078, 2079, 2080, 2081, 2082, 2083, 2084, 2085, 2086, 2087, 2088, 2089, 2090, 2091, 2092, 2093, 2094, 2095, 2096, 2097, 2098, 2099, 2100], "temps": [18.405552211856786, 18.84840505567263, 18.520057177249498, 18.430619921757454, 18.93516400842617, 18.768296719831483, 19.11247366837199, 19.21455010532651, 18.70470959975927, 18.480996087872427, 18.971215768883553, 18.907237436051787, 19.007056876316597, 19.160201625037644, 19.25048149262716, 18.60558230514596, 18.93188383990372, 19.363150767378897, 19.10657538368946, 19.360713210953975, 19.146840204634373, 19.155687631658168, 19.34768281673189, 19.274074631357223, 19.398179356003652, 19.28292205838102, 19.22682816731873, 19.51864279265726, 19.984246163105638, 19.851925970508603, 19.59014444778819, 19.504167920553755, 19.596433945230217, 19.840309960878756, 19.944222088474305, 19.86944026482098, 20.178859464339496, 20.580484501956107, 20.629356003611235, 20.360021065302476, 20.3732621125489, 20.355206139030997, 20.049337947637696, 20.435434848028933, 20.299563647306684, 20.439166415889304, 20.597998796268428, 20.699653927174268, 20.58144748721037, 20.713647306650614, 21.24100210653029, 20.779280770388254, 21.120779416190203, 20.33110141438459, 20.705612398435164, 20.720027083960304, 21.097035811014166, 20.818642792657272, 20.907177249473364, 21.279009930785435, 21.49210051158593, 21.55695154980441, 21.52646704784837, 21.590565753836927, 21.91340656033708, 21.086773999398133, 21.718973818838435, 21.85415287390913, 21.916506169124318, 22.179491423412628, 22.340520613903095, 21.794628347878472, 21.990866686728907, 21.957643695455943, 22.75544688534461, 21.70124887150166, 22.441092386397884, 21.91066807102021, 22.66913933192899, 23.284547095997596, 22.22405958471262, 22.677625639482414, 22.96447487210355, 22.800285886247366, 22.280574781823702, 23.063511886849255]}