{"years": [2015, 2016, 2017, 2018, 2019, 2020, 2021, 2022, 2023, 2024, 2025, 2026, 2027, 2028, 2029, 2030, 2031, 2032, 2033, 2034, 2035, 2036, 2037, 2038, 2039, 2040, 2041, 2042, 2043, 2044, 2045, 2046, 2047, 2048, 2049, 2050, 2051, 2052, 2053, 2054, 2055, 2056, 2057, 2058, 2059, 2060, 2061, 2062, 2063, 2064, 2065, 2066, 2067, 2068, 2069, 2070, 2071, 2072, 2073, 2074, 2075, 2076, 2077, 2078, 2079, 2080, 2081, 2082, 2083, 2084, 2085, 2086, 2087, 2088, 2089, 2090, 2091, 2092, 2093, 2094, 2095, 2096, 2097, 2098, 2099, 2100], "temps": [18.05481492627149, 18.81777008727056, 18.973954258200422, 18.701700270839638, 19.118552512789677, 18.80838098104124, 18.586142040325058, 18.812383388504372, 19.200887752031292, 18.679491423412628, 18.95869696057781, 18.960923863978337, 18.637992777610634, 19.158847427023773, 19.080935901294026, 19.200947938609715, 18.719545591333144, 18.976993680409294, 19.06498645801986, 19.115061691242886, 19.582771591935, 18.759780318988874, 19.798751128498395, 19.371516701775533, 19.336066807102043, 19.361104423713527, 19.154905206139063, 19.13784231116466, 19.332094492928093, 19.453430634968413, 19.29520012037318, 19.21758952753538, 20.115061691242886, 19.337782124586226, 19.873201925970534, 19.064745711706337, 19.492732470659064, 19.309103219981978, 19.713436653626275, 19.211631056274484, 19.638143244056607, 19.18156786036718, 20.03606680710203, 19.657041829671982, 20.10762864881133, 19.48800782425519, 19.836548299729202, 19.573683418597682, 19.95821546795065, 19.971697261510712, 19.57585013541984, 19.77572976226304, 19.905311465543207, 19.89983448690947, 19.963511886849233, 19.463933192898025, 19.57759554619321, 20.003535961480623, 20.473984351489662, 19.683885043635314, 20.16029190490525, 20.720057177249487, 20.667454107733988, 20.093484802888952, 19.97226903400542, 20.161164610291905, 20.396644598254625, 20.631041227806236, 20.22911525729762, 19.6803340355101, 20.26838699969909, 20.468627746012658, 20.390656033704488, 19.88445681613001, 20.449518507372886, 20.578287691844764, 19.784306349684016, 20.82989768281675, 20.715573277159194, 20.554995486006646, 20.709223593138745, 19.98138730063198, 20.0017905507072, 20.52117062894979, 20.443981342160725, 20.728453204935306]}