{"years": [2015, 2016, 2017, 2018, 2019, 2020, 2021, 2022, 2023, 2024, 2025, 2026, 2027, 2028, 2029, 2030, 2031, 2032, 2033, 2034, 2035, 2036, 2037, 2038, 2039, 2040, 2041, 2042, 2043, 2044, 2045, 2046, 2047, 2048, 2049, 2050, 2051, 2052, 2053, 2054, 2055, 2056, 2057, 2058, 2059, 2060, 2061, 2062, 2063, 2064, 2065, 2066, 2067, 2068, 2069, 2070, 2071, 2072, 2073, 2074, 2075, 2076, 2077, 2078, 2079, 2080, 2081, 2082, 2083, 2084, 2085, 2086, 2087, 2088, 2089, 2090, 2091, 2092, 2093, 2094, 2095, 2096, 2097, 2098, 2099, 2100], "temps": [18.623066506169152, 18.99823954258204, 18.906966596449024, 19.08773698465245, 18.599443274149905, 18.34611796569368, 19.384336442973222, 18.802362323201976, 18.713466746915458, 18.895320493529994, 18.92156184170932, 18.9520764369546, 19.501880830574805, 19.699834486909424, 19.692190791453527, 19.51367739993981, 19.30913331327116, 19.52261510683121, 19.34467348781226, 19.200346072825766, 19.19188985856158, 19.262518808305742, 19.371546795064717, 19.887135118868514, 19.92652723442677, 19.90320493529947, 19.99029491423414, 20.297336743906158, 20.535645501053295, 20.85752332229913, 20.52944628347882, 20.58373457718932, 20.923066506169164, 21.098269635871247, 20.656409870598907, 20.597095997592533, 20.7053415588324, 20.87136623532956, 20.77834787842312, 21.112624134817963, 21.287917544387597, 21.73212458621731, 20.780604875112886, 21.74509479386097, 21.53200421306053, 21.3184923262113, 21.597517303641325, 21.821110442371378, 22.07401444477881, 21.80431838699974, 21.94428227505267, 22.07088474270239, 22.028994884140843, 22.180183569064127, 22.51996689738189, 22.365076737887478, 22.67852843815831, 22.667454107733988, 22.496945531146594, 23.215693650315984, 22.910969003912157, 23.091889858561558, 23.669199518507412, 23.779401143544987, 23.77970207643699, 23.70964489918748, 24.754002407463133, 23.928633764670508, 24.16736382786638, 24.312654228107135, 24.608531447487223, 24.467454107734, 25.24903701474574, 24.565197111044256, 24.965859163406606, 25.328904604273248, 25.390866686728884, 25.259449292807744, 25.08948239542582, 25.626948540475496, 25.721020162503805, 26.140129401143554, 25.69345470959979, 25.91746915437858, 26.10534155883238, 26.134772795666606]}