{"years": [1950, 1951, 1952, 1953, 1954, 1955, 1956, 1957, 1958, 1959, 1960, 1961, 1962, 1963, 1964, 1965, 1966, 1967, 1968, 1969, 1970, 1971, 1972, 1973, 1974, 1975, 1976, 1977, 1978, 1979, 1980, 1981, 1982, 1983, 1984, 1985, 1986, 1987, 1988, 1989, 1990, 1991, 1992, 1993, 1994, 1995, 1996, 1997, 1998, 1999, 2000, 2001, 2002, 2003, 2004, 2005, 2006, 2007, 2008, 2009, 2010, 2011, 2012, 2013, 2014], "temps": [17.43681913933193, 17.625985555221234, 17.351564851038233, 17.52294613301234, 17.227008727053885, 17.65054167920556, 17.248374962383423, 17.211992175744854, 17.581898886548345, 16.831763466746963, 17.616054769786388, 17.150962985254296, 17.926677700872744, 17.35607884441771, 17.361555823051503, 17.681477580499575, 17.318793259103245, 17.580454408666867, 17.2949593740596, 17.318191393319296, 17.370824556124035, 17.580303942220894, 16.920267830273872, 17.84837496238339, 17.467634667469156, 17.28412578994886, 17.486653626241377, 17.56995185073731, 17.499834486909435, 17.823457718928694, 17.900827565452914, 17.876722840806508, 17.313406560337057, 16.857463135720764, 17.51764971411376, 16.98764670478488, 17.39116761962083, 17.926436954559165, 18.06634065603373, 18.481778513391532, 17.912834787842314, 17.327189286789064, 17.65824556123988, 17.56369244658441, 17.853731567860393, 18.153821847727954, 17.99619319891667, 18.41831176647611, 18.263391513692454, 18.11653626241349, 18.40040625940418, 18.635826060788474, 18.2019711104424, 18.12135118868497, 18.66579897682817, 18.5491272946133, 18.635735780920868, 17.928603671381325, 18.553039422208883, 18.887375865182094, 18.541423412579036, 18.456620523623258, 18.91710803490821, 18.6940264820945, 19.04900692145651]}