{"years": [2015, 2016, 2017, 2018, 2019, 2020, 2021, 2022, 2023, 2024, 2025, 2026, 2027, 2028, 2029, 2030, 2031, 2032, 2033, 2034, 2035, 2036, 2037, 2038, 2039, 2040, 2041, 2042, 2043, 2044, 2045, 2046, 2047, 2048, 2049, 2050, 2051, 2052, 2053, 2054, 2055, 2056, 2057, 2058, 2059, 2060, 2061, 2062, 2063, 2064, 2065, 2066, 2067, 2068, 2069, 2070, 2071, 2072, 2073, 2074, 2075, 2076, 2077, 2078, 2079, 2080, 2081, 2082, 2083, 2084, 2085, 2086, 2087, 2088, 2089, 2090, 2091, 2092, 2093, 2094, 2095, 2096, 2097, 2098, 2099, 2100], "temps": [18.702693349383082, 18.457914535058705, 19.4578242551911, 18.84337947637681, 18.679491423412628, 18.670282876918463, 18.55755341558836, 18.695170027083975, 19.06944026482097, 19.01596448991876, 19.078648811315077, 19.425383689437297, 19.386713812819778, 19.092792657237453, 19.5474420704183, 18.995741799578695, 18.894869094192018, 19.50507071922965, 19.09829972916043, 19.601068311766483, 19.04446283478785, 19.118642792657283, 19.736458019861573, 19.33988865483002, 19.605672585013565, 20.509223593138756, 19.987345771892876, 19.596674691543797, 20.094538068010877, 19.7848480288896, 19.634471862774603, 20.038865482997323, 20.513376467047863, 20.19703581101419, 20.52739993981345, 20.645154980439372, 19.831643093590174, 20.214279265723746, 20.31175142943124, 20.555988564550148, 20.479431236834216, 20.19655431838703, 20.35285886247368, 20.97958170328019, 20.286954559133335, 20.633538970809525, 20.404739693048498, 20.845606379777337, 20.708140234727693, 20.786563346373782, 20.896012639181492, 20.976813120674137, 21.12697863376468, 20.983283177851376, 20.643800782425558, 20.85258802287092, 21.246479085164026, 21.196133012338294, 21.31719831477585, 20.77560938910625, 20.89044538068015, 21.86522720433345, 21.491077339753247, 20.867213361420454, 21.097727956665665, 20.877986758952773, 21.159539572675328, 20.940009027986775, 21.575910321998208, 21.508140234727705, 21.68647306650621, 21.772178754137826, 21.61199217574483, 21.353400541679207, 21.360863677399948, 21.90139933794768, 22.138684923262133, 21.48728558531451, 21.555597351790595, 21.846268432139652, 21.949006921456544, 22.175368642792705, 21.645215167017795, 21.414760758350894, 21.789632861871837, 21.888699969906725]}