{"years": [2015, 2016, 2017, 2018, 2019, 2020, 2021, 2022, 2023, 2024, 2025, 2026, 2027, 2028, 2029, 2030, 2031, 2032, 2033, 2034, 2035, 2036, 2037, 2038, 2039, 2040, 2041, 2042, 2043, 2044, 2045, 2046, 2047, 2048, 2049, 2050, 2051, 2052, 2053, 2054, 2055, 2056, 2057, 2058, 2059, 2060, 2061, 2062, 2063, 2064, 2065, 2066, 2067, 2068, 2069, 2070, 2071, 2072, 2073, 2074, 2075, 2076, 2077, 2078, 2079, 2080, 2081, 2082, 2083, 2084, 2085, 2086, 2087, 2088, 2089, 2090, 2091, 2092, 2093, 2094, 2095, 2096, 2097, 2098, 2099, 2100], "temps": [18.711631056274484, 18.851925970508603, 18.738775203129705, 18.2932741498646, 18.784216069816466, 19.238263617213363, 19.19559133313271, 19.28207944628349, 19.210878724044562, 19.28412578994886, 18.723036412879935, 19.23705988564552, 19.691468552512788, 18.730349082154703, 19.672569966897413, 18.91160096298529, 19.412774601263948, 19.255115859163425, 18.74726151068313, 19.74232621125492, 18.97431537767079, 19.871035209148374, 19.83170328016854, 19.553310261811646, 19.2709449292808, 19.724089678001803, 19.69700571772495, 19.603776707794168, 19.666611495636516, 20.01840204634368, 19.81653626241348, 19.657342762563985, 19.64681011134519, 20.04638880529643, 19.834291303039436, 19.843680409268757, 19.508290701173678, 19.634592235931393, 19.67973216972615, 19.92902497743006, 20.15370147457122, 20.08481793560037, 20.455145952452654, 20.130770388203473, 20.38277159193501, 19.852919049052105, 19.920478483298268, 19.583824857056925, 20.507056876316597, 19.938715016551328, 20.238083057478207, 19.930529641889905, 19.81731868793264, 20.52872404453808, 20.08027384893171, 20.28894071622028, 20.213797773096644, 20.414881131507684, 20.337330725248307, 20.418251579897685, 20.797667770087287, 19.991859765272352, 20.881266927475224, 20.96628046945534, 20.791799578693997, 20.276602467649752, 20.57374360517605, 20.09565151971111, 20.189632861871814, 20.378618718025905, 20.55947938609694, 20.615633463737595, 20.36284983448695, 20.439136322600064, 19.955838098104152, 20.708712007222402, 20.819274751730404, 20.670884742702412, 20.263541980138427, 20.099262714414692, 20.067183268131203, 20.202813722539872, 20.17566957568465, 20.090806500150507, 19.889422208847463, 20.724811916942542]}