{"years": [2015, 2016, 2017, 2018, 2019, 2020, 2021, 2022, 2023, 2024, 2025, 2026, 2027, 2028, 2029, 2030, 2031, 2032, 2033, 2034, 2035, 2036, 2037, 2038, 2039, 2040, 2041, 2042, 2043, 2044, 2045, 2046, 2047, 2048, 2049, 2050, 2051, 2052, 2053, 2054, 2055, 2056, 2057, 2058, 2059, 2060, 2061, 2062, 2063, 2064, 2065, 2066, 2067, 2068, 2069, 2070, 2071, 2072, 2073, 2074, 2075, 2076, 2077, 2078, 2079, 2080, 2081, 2082, 2083, 2084, 2085, 2086, 2087, 2088, 2089, 2090, 2091, 2092, 2093, 2094, 2095, 2096, 2097, 2098, 2099, 2100], "temps": [19.028934697562477, 18.467875413782735, 19.203626241348218, 18.754122780619923, 18.876301534757772, 18.871877821245903, 18.96062293108639, 19.618281673186914, 19.090776406861266, 18.86655130905808, 19.522193800782475, 19.17145651519712, 19.649518507372875, 19.28400541679207, 19.452858862473704, 18.70470959975927, 19.667694854047568, 19.393845922359333, 19.664866084863093, 19.427610592837823, 19.716807102016276, 19.7060337044839, 20.031552813722556, 19.95689136322602, 19.893845922359333, 20.07976226301537, 19.972840806500187, 20.03386999699069, 20.278197411977146, 19.656409870598907, 19.96074330424318, 20.09971411375267, 20.580695154980447, 20.602181763466774, 20.11777008727057, 20.150752332229956, 19.870102317183296, 20.13540475473974, 20.186984652422552, 20.49327414986459, 20.121260908817362, 19.85824556123987, 20.40320493529947, 20.540099307854348, 20.445847126090882, 20.786954559133335, 20.98150767378877, 20.4241799578694, 20.570944929280813, 20.989000902798693, 21.43597652723446, 20.97741498645803, 21.5546945531147, 21.440370147457145, 20.915031597953657, 21.06272946133015, 21.057613602166725, 21.41665663557029, 21.210337044839036, 21.653520914836008, 21.195771892867924, 22.02454107733979, 21.74855552211858, 22.000767378874514, 21.755507071922978, 22.00001504664465, 21.66074330424317, 21.91205236232321, 22.241453505868208, 22.264745711706325, 22.08990370147461, 22.07630153475776, 21.947953656334676, 22.07642190791455, 21.882681312067405, 22.5976677700873, 22.91710803490821, 22.39799879626844, 22.34708095094794, 22.66543785735786, 22.71996689738188, 22.335404754739727, 23.19811916942524, 22.65189587721943, 22.68463737586518, 23.07882937105029]}