{"years": [1950, 1951, 1952, 1953, 1954, 1955, 1956, 1957, 1958, 1959, 1960, 1961, 1962, 1963, 1964, 1965, 1966, 1967, 1968, 1969, 1970, 1971, 1972, 1973, 1974, 1975, 1976, 1977, 1978, 1979, 1980, 1981, 1982, 1983, 1984, 1985, 1986, 1987, 1988, 1989, 1990, 1991, 1992, 1993, 1994, 1995, 1996, 1997, 1998, 1999, 2000, 2001, 2002, 2003, 2004, 2005, 2006, 2007, 2008, 2009, 2010, 2011, 2012, 2013, 2014], "temps": [17.9924616310563, 17.873833885043666, 17.900225699669022, 17.28674390610894, 17.42396930484506, 17.841995185073756, 17.90040625940418, 17.648344869094217, 17.70413782726456, 18.051504664459856, 17.67783629250681, 17.427189286789087, 17.472931086367737, 17.372028287691876, 17.418612699368055, 18.077535359614842, 17.460472464640418, 17.74569665964492, 17.39345470959978, 17.60046644598259, 17.650331026181163, 17.63158290701176, 17.156048751128537, 17.267875413782747, 17.854965392717475, 17.951083358411097, 17.39923262112552, 17.336548299729202, 17.631101414384602, 17.522765573277184, 17.747231417393948, 17.47344267228408, 18.058245561239858, 17.645666566355715, 17.905853144748733, 17.955356605476993, 18.03666867288598, 18.060532651218807, 17.471035209148397, 18.713075534155905, 17.729747216370754, 18.03952753535964, 17.974616310562794, 17.234562142642233, 17.987827264520035, 18.376722840806508, 17.77281071321096, 17.837421005115857, 18.425504062594086, 17.85824556123987, 18.25926873307253, 18.596433945230217, 18.29712609088176, 18.11018657839304, 18.41999699067111, 18.95472464640386, 18.30109840505571, 18.31066807102019, 18.83495335540175, 18.37049352994285, 18.599052061390353, 18.360773397532398, 18.60768883538975, 18.185600361119498, 18.409975925368656]}